{
  "mean": [
    5.843333333333335,
    3.057333333333334,
    3.7580000000000027,
    1.199333333333334
  ],
  "scale": [
    0.8253012917851409,
    0.43441096773549437,
    1.7594040657753032,
    0.7596926279021594
  ],
  "components": [
    [
      0.5210659146701196,
      -0.2693474425059428,
      0.5804130957962944,
      0.5648565357793611
    ],
    [
      0.37741761556456765,
      0.9232956595407148,
      0.024491609085586057,
      0.06694198696805814
    ]
  ],
  "pcaMean": [
    -1.6903145549918008e-15,
    -1.84297022087776e-15,
    -1.6986412276764896e-15,
    -1.4092430925908654e-15
  ]
}